{
    "Batch-Size": 32,
    "Epochs": 25,
    "Train-Accuracy": [
        15.113652229309082,
        30.10024070739746,
        40.590145111083984,
        45.150360107421875,
        50.28236770629883,
        53.522518157958984,
        57.15798568725586,
        59.339263916015625,
        62.41705322265625,
        64.09713745117188,
        66.6878433227539,
        69.27149200439453,
        71.74925994873047,
        73.6340560913086,
        75.51884460449219,
        77.50247192382812,
        78.81547546386719,
        81.71678924560547,
        83.12861633300781,
        84.73810577392578,
        88.88888549804688,
        90.30777740478516,
        90.50543212890625,
        90.60426330566406,
        92.26316833496094
    ],
    "Test-Accuracy": [
        28.017789840698242,
        38.88182830810547,
        46.2515869140625,
        49.11054611206055,
        49.49174118041992,
        54.828460693359375,
        54.955528259277344,
        56.0991096496582,
        56.73443603515625,
        59.974586486816406,
        57.750953674316406,
        60.10165023803711,
        60.99110412597656,
        60.927574157714844,
        63.08767318725586,
        61.62643051147461,
        61.880558013916016,
        63.151206970214844,
        62.642948150634766,
        63.97712707519531,
        64.67598724365234,
        64.86658477783203,
        62.960609436035156,
        62.70648193359375,
        61.562896728515625
    ],
    "Loss": [
        2.71979543957775,
        2.0240290928210607,
        1.7570371220554162,
        1.6082291702878961,
        1.4624016310564534,
        1.3712022482539734,
        1.2745443658051987,
        1.1978446229011226,
        1.110217957609919,
        1.037368206147155,
        0.9781317217317642,
        0.9059998428794593,
        0.835687449480074,
        0.7786211879140111,
        0.7155128047544492,
        0.6642033282448264,
        0.6075702961281414,
        0.5309239268235492,
        0.4904463392475881,
        0.44421940387913544,
        0.32750978137100983,
        0.2742402696923028,
        0.2700947669768765,
        0.2713459111261287,
        0.2255072496174013
    ]
}