{
    "Batch-Size": 32,
    "Epochs": 17,
    "Train-Accuracy": [
        15.706621170043945,
        27.707185745239258,
        36.88761901855469,
        43.47734069824219,
        48.5952262878418,
        52.10715866088867,
        55.20965576171875,
        57.88507843017578,
        60.214599609375,
        62.6817741394043,
        64.51715087890625,
        63.14767837524414,
        66.3172378540039,
        67.77495574951172,
        70.08329772949219,
        71.89044189453125,
        73.36933135986328
    ],
    "Test-Accuracy": [
        23.697586059570312,
        33.41804504394531,
        45.29860305786133,
        52.541297912597656,
        54.63786697387695,
        57.814483642578125,
        57.941551208496094,
        59.021602630615234,
        60.2922477722168,
        62.45235061645508,
        63.85006332397461,
        65.2477798461914,
        62.57941436767578,
        64.10419464111328,
        65.62896728515625,
        62.83354568481445,
        65.4383773803711
    ],
    "Loss": [
        2.6285013565235893,
        2.1000358351206376,
        1.8185818949661685,
        1.6162133243797863,
        1.4829371626767736,
        1.3824382179874486,
        1.29688313424924,
        1.2196765709731539,
        1.1526190674911112,
        1.086126105832515,
        1.0252471379304335,
        1.0817005078334594,
        0.9967403684969002,
        0.9363024877963093,
        0.8775681362650489,
        0.8202027297289358,
        0.7777153463686927
    ]
}
